{
  "model": "ResNet18",
  "config": {
    "epochs": 50,
    "learning_rate": 0.001,
    "batch_size": 128,
    "weight_decay": 0.0001,
    "optimizer": "adamw",
    "scheduler": "cosine",
    "num_workers": 4
  },
  "timestamp": "2025-07-18T15:21:09.396093",
  "evaluation": {
    "test_accuracy": 84.86,
    "test_loss": 0.562998549093174
  },
  "benchmark": {
    "total_params": 11181642,
    "trainable_params": 11181642,
    "model_size_mb": 42.654579162597656,
    "inference_time_ms": 0.07653045654296875,
    "throughput_samples_per_sec": 13066.69325092214
  },
  "training_history": {
    "train_loss": [
      1.534992229193449,
      1.1880326921289617,
      1.035241229290312,
      0.9359814739701423,
      0.8539070878177881,
      0.7974097581410949,
      0.7436872424388473,
      0.6947507721117951,
      0.6624855630269105,
      0.633833650330251,
      0.6025871328840201,
      0.575756414200772,
      0.5571694652634588,
      0.5360024829649113,
      0.5100707446478985,
      0.49271007237786596,
      0.47091001365333796,
      0.45626898702572694,
      0.43944294174963777,
      0.4184168221174993,
      0.4037881137972528,
      0.3880640461786904,
      0.3765643063763326,
      0.3583343208936805,
      0.34006396283141593,
      0.32521333295682614,
      0.3184103542007506,
      0.30346678413281386,
      0.2917639202099632,
      0.2756085636263544,
      0.26325815861028706,
      0.2490403096784245,
      0.23851507969877936,
      0.22953345194797625,
      0.21737881953066046,
      0.2083251700016924,
      0.19804402061907406,
      0.1919961772774431,
      0.17820967812175778,
      0.17702617270829665,
      0.1681731247491288,
      0.16023547314530748,
      0.15579079615417868,
      0.15242329316044395,
      0.1487516676901247,
      0.14565975577782161,
      0.14755983392454006,
      0.14136733145410704,
      0.14154247444292362,
      0.13957085632930763
    ],
    "train_acc": [
      43.76,
      57.233333333333334,
      63.23555555555556,
      66.99333333333334,
      70.12666666666667,
      72.04666666666667,
      74.01333333333334,
      75.83111111111111,
      76.94888888888889,
      77.78444444444445,
      78.97555555555556,
      79.76,
      80.59333333333333,
      81.25555555555556,
      82.35777777777778,
      82.64666666666666,
      83.36,
      84.05555555555556,
      84.6,
      85.22222222222223,
      85.8711111111111,
      86.27333333333333,
      86.81333333333333,
      87.41333333333333,
      88.08222222222223,
      88.50444444444445,
      88.76444444444445,
      89.19333333333333,
      89.59333333333333,
      90.19555555555556,
      90.67111111111112,
      91.0911111111111,
      91.58666666666667,
      91.88,
      92.31555555555556,
      92.5111111111111,
      92.88888888888889,
      93.1,
      93.57111111111111,
      93.82,
      94.0111111111111,
      94.30666666666667,
      94.40666666666667,
      94.55555555555556,
      94.71333333333334,
      94.85333333333334,
      94.75777777777778,
      95.0111111111111,
      94.98222222222222,
      95.06444444444445
    ],
    "val_loss": [
      1.2874532729387282,
      1.1595576748251915,
      0.9405087038874627,
      0.9415416568517685,
      0.8305790588259697,
      0.7471129335463047,
      0.7304556638002395,
      0.7054379791021347,
      0.6213417574763298,
      0.6890904523432255,
      0.619678334146738,
      0.627859528362751,
      0.5851750016212464,
      0.5720030259341001,
      0.5639025084674358,
      0.5432115443050861,
      0.5189762286841869,
      0.530236903578043,
      0.5304640807211399,
      0.5138039080426097,
      0.5045294491574168,
      0.5120217554271221,
      0.4805617846548557,
      0.47255066349171104,
      0.46174713261425493,
      0.5055730052292347,
      0.47505435086786746,
      0.4915746621787548,
      0.46519887149333955,
      0.4645280983299017,
      0.4959094367921352,
      0.46855704141780735,
      0.48131142668426036,
      0.49051350774243474,
      0.5037652600556612,
      0.5074710845714435,
      0.4936542822048068,
      0.5001278184819966,
      0.5115441028028727,
      0.5081384718418122,
      0.5070559652522206,
      0.5073963915929198,
      0.511556985322386,
      0.5151565936394036,
      0.5156746107619256,
      0.5089005901943893,
      0.5072312701260671,
      0.5111834596609697,
      0.5138413549633697,
      0.5134076383663342
    ],
    "val_acc": [
      52.46,
      59.08,
      66.54,
      66.86,
      71.02,
      73.04,
      74.1,
      74.86,
      77.42,
      75.88,
      77.98,
      77.94,
      79.48,
      80.06,
      80.52,
      81.12,
      81.82,
      81.36,
      82.0,
      82.28,
      82.28,
      82.9,
      83.24,
      83.8,
      84.1,
      83.46,
      84.04,
      84.44,
      84.64,
      84.9,
      84.78,
      85.14,
      85.0,
      84.88,
      85.22,
      85.1,
      85.7,
      85.24,
      84.82,
      85.42,
      85.8,
      85.56,
      85.98,
      85.78,
      85.78,
      85.64,
      85.9,
      85.76,
      85.58,
      85.76
    ],
    "lr": [
      0.0009990133642141358,
      0.000996057350657239,
      0.0009911436253643444,
      0.0009842915805643156,
      0.0009755282581475769,
      0.0009648882429441258,
      0.0009524135262330099,
      0.0009381533400219318,
      0.0009221639627510075,
      0.0009045084971874736,
      0.0008852566213878945,
      0.0008644843137107056,
      0.0008422735529643443,
      0.0008187119948743448,
      0.0007938926261462366,
      0.0007679133974894982,
      0.0007408768370508576,
      0.0007128896457825362,
      0.0006840622763423389,
      0.0006545084971874735,
      0.0006243449435824271,
      0.0005936906572928622,
      0.000562666616782152,
      0.0005313952597646566,
      0.0004999999999999998,
      0.00046860474023534314,
      0.00043733338321784774,
      0.00040630934270713756,
      0.00037565505641757246,
      0.00034549150281252633,
      0.00031593772365766105,
      0.00028711035421746355,
      0.0002591231629491422,
      0.00023208660251050145,
      0.00020610737385376337,
      0.00018128800512565502,
      0.00015772644703565555,
      0.00013551568628929425,
      0.00011474337861210535,
      9.549150281252626e-05,
      7.783603724899252e-05,
      6.184665997806817e-05,
      4.7586473766990294e-05,
      3.5111757055874305e-05,
      2.4471741852423218e-05,
      1.5708419435684507e-05,
      8.856374635655634e-06,
      3.942649342761115e-06,
      9.866357858642198e-07,
      0.0
    ]
  }
}